,timestamp,symbol,open,high,low,close,previous_close,volume,turnover
0,2026-01-01,ADANIENT,2249.0,2287.4,2241.0,2260.0,2239.7,1046220,2370492761.6
1,2026-01-01,ADANIPORTS,1472.8,1490.9,1470.4,1481.1,1469.8,981252,1455559379.0
2,2026-01-01,APOLLOHOSP,7063.0,7125.0,7023.5,7111.5,7042.5,81987,580764073.5
3,2026-01-01,ASIANPAINT,2775.9,2782.7,2746.1,2752.0,2769.5,327945,907249993.0
4,2026-01-01,AXISBANK,1270.0,1279.2,1263.8,1274.4,1269.4,2022412,2575259212.4
5,2026-01-01,BAJAJ-AUTO,9365.0,9585.0,9318.5,9558.0,9343.0,306936,2910739290.0
6,2026-01-01,BAJFINANCE,988.2,989.0,969.0,973.1,986.8,7118751,6944824603.5
7,2026-01-01,BAJAJFINSV,2045.0,2048.8,2027.8,2037.0,2039.9,270917,551430672.4
8,2026-01-01,BEL,399.9,400.75,394.6,397.7,399.6,6084786,2413343079.4
9,2026-01-01,BHARTIARTL,2114.8,2123.9,2107.0,2110.4,2105.6,2097756,4436371604.4
10,2026-01-01,CIPLA,1512.0,1512.0,1499.0,1500.9,1511.3,228078,342494068.2
11,2026-01-01,COALINDIA,399.0,402.8,398.25,400.45,399.0,3161157,1266353539.5
12,2026-01-01,DRREDDY,1270.0,1270.0,1248.0,1253.4,1271.4,553856,694182331.6
13,2026-01-01,EICHERMOT,7317.0,7363.0,7271.5,7348.0,7312.5,155326,1138151816.0
14,2026-01-01,ETERNAL,278.6,285.0,278.55,283.8,278.05,13427852,3803289749.35
15,2026-01-01,GRASIM,2833.0,2854.9,2822.3,2851.7,2829.0,449775,1276523724.3
16,2026-01-01,HCLTECH,1622.9,1645.7,1618.4,1634.5,1623.3,773806,1266196099.8
17,2026-01-01,HDFCBANK,993.5,997.55,989.5,991.15,991.2,7132074,7074147525.95
18,2026-01-01,HDFCLIFE,750.0,753.4,746.9,750.1,749.85,820228,614909520.7
19,2026-01-01,HINDALCO,888.1,895.95,882.45,894.95,886.7,2566505,2290104728.05
20,2026-01-01,HINDUNILVR,2322.0,2326.0,2300.0,2323.0,2315.9,758866,1755219784.9
21,2026-01-01,ICICIBANK,1343.9,1348.4,1336.0,1338.0,1342.9,4179311,5601512243.1
22,2026-01-01,INFY,1615.4,1639.6,1614.1,1629.8,1615.4,3658165,5965615873.2
23,2026-01-01,INDIGO,5081.0,5175.0,5062.5,5110.5,5059.5,744719,3815386852.0
24,2026-01-01,ITC,402.7,402.7,362.7,363.85,403.0,282626710,105902987176.3
25,2026-01-01,JIOFIN,295.4,296.75,294.15,295.7,294.95,3697802,1093062792.15
26,2026-01-01,JSWSTEEL,1163.5,1176.8,1161.0,1171.5,1164.8,1173697,1372090795.9
27,2026-01-01,KOTAKBANK,2210.0,2220.9,2189.0,2217.8,2201.1,1346975,2975883603.3
28,2026-01-01,LT,4090.0,4146.8,4088.3,4140.4,4083.5,1360716,5622734970.8
29,2026-01-01,M&M,3725.0,3774.0,3721.1,3761.0,3709.2,1498161,5628441048.0
30,2026-01-01,MARUTI,16700.0,16798.0,16602.0,16708.0,16697.0,171293,2863714561.0
31,2026-01-01,MAXHEALTH,1048.2,1054.0,1040.1,1049.4,1045.1,1219041,1278046851.2
32,2026-01-01,NESTLEIND,1293.0,1299.0,1284.0,1295.0,1288.0,932297,1205282372.5
33,2026-01-01,NTPC,329.8,336.9,329.6,336.3,329.55,10357315,3465863761.5
34,2026-01-01,ONGC,240.9,241.11,237.41,237.94,240.38,5840586,1395175529.15
35,2026-01-01,POWERGRID,264.1,267.55,264.1,266.8,264.6,4298196,1143434086.35
36,2026-01-01,RELIANCE,1573.7,1592.5,1571.1,1575.6,1570.4,6408128,10116346867.1
37,2026-01-01,SBILIFE,2034.9,2045.9,2027.2,2040.4,2034.9,235630,479864528.2
38,2026-01-01,SHRIRAMFIN,996.2,1025.6,996.0,1019.7,996.2,4289057,4328782968.5
39,2026-01-01,SBIN,983.2,987.65,980.35,984.75,982.2,4328348,4261571218.05
40,2026-01-01,SUNPHARMA,1720.0,1726.0,1708.9,1721.1,1719.7,877515,1508057870.4
41,2026-01-01,TCS,3215.0,3234.1,3198.2,3227.4,3206.2,1255735,4043425200.1
42,2026-01-01,TATACONSUM,1192.0,1195.5,1173.3,1176.9,1192.0,947192,1118388224.9
43,2026-01-01,TMPV,368.85,371.0,365.55,367.55,367.35,7214281,2654333709.95
44,2026-01-01,TATASTEEL,180.6,182.2,180.2,181.89,180.08,21507757,3899881548.82
45,2026-01-01,TECHM,1591.0,1613.5,1587.2,1607.7,1590.9,565878,907664346.0
46,2026-01-01,TITAN,4063.7,4068.0,4035.7,4049.3,4051.5,444679,1801984173.7
47,2026-01-01,TRENT,4279.0,4308.0,4255.8,4297.4,4279.0,374599,1605262636.1
48,2026-01-01,ULTRACEMCO,11792.0,11915.0,11784.0,11901.0,11784.0,71887,853414817.0
49,2026-01-01,WIPRO,264.5,268.05,263.75,267.35,263.28,3639755,970825253.15
50,2026-01-02,ADANIENT,2260.0,2283.7,2259.0,2279.8,2260.0,715242,1625913975.6
51,2026-01-02,ADANIPORTS,1480.1,1495.0,1478.3,1489.5,1481.1,1251176,1863527650.1
52,2026-01-02,APOLLOHOSP,7130.0,7151.0,7075.5,7129.5,7111.5,353245,2511774984.5
53,2026-01-02,ASIANPAINT,2755.8,2799.0,2755.8,2772.6,2752.0,508884,1411222402.4
54,2026-01-02,AXISBANK,1273.9,1281.8,1264.3,1266.9,1274.4,5860547,7452538393.9
55,2026-01-02,BAJAJ-AUTO,9550.0,9633.0,9310.5,9502.5,9558.0,733651,6974932975.0
56,2026-01-02,BAJFINANCE,972.9,994.2,960.6,990.45,973.1,6206869,6122410193.4
57,2026-01-02,BAJAJFINSV,2030.1,2050.0,2026.6,2038.4,2037.0,893818,1823332595.3
58,2026-01-02,BEL,399.65,405.6,398.95,403.15,397.7,10950368,4411801778.75
59,2026-01-02,BHARTIARTL,2108.0,2125.0,2098.0,2106.3,2110.4,2927138,6169784842.0
60,2026-01-02,CIPLA,1500.9,1517.8,1498.6,1511.6,1500.9,964611,1456106338.9
61,2026-01-02,COALINDIA,401.35,429.5,401.0,427.9,400.45,35090129,14760225043.85
62,2026-01-02,DRREDDY,1249.0,1257.6,1236.0,1256.1,1253.4,1591218,1983033733.4
63,2026-01-02,EICHERMOT,7348.0,7382.5,7298.0,7334.5,7348.0,227469,1670026398.5
64,2026-01-02,ETERNAL,283.8,287.75,283.25,284.15,283.8,13624798,3888617089.2
65,2026-01-02,GRASIM,2856.9,2882.0,2845.1,2856.4,2851.7,698682,1998358210.3
66,2026-01-02,HCLTECH,1632.0,1643.0,1625.1,1640.2,1634.5,950573,1555576603.5
67,2026-01-02,HDFCBANK,991.15,1003.2,988.8,1001.6,991.15,11751459,11733333129.85
68,2026-01-02,HDFCLIFE,749.95,758.35,749.05,754.85,750.1,1457089,1100414877.2
69,2026-01-02,HINDALCO,898.0,927.3,896.55,925.7,894.95,5357771,4913843621.25
70,2026-01-02,HINDUNILVR,2326.0,2357.7,2322.0,2348.0,2323.0,973413,2280899712.7
71,2026-01-02,ICICIBANK,1338.0,1356.9,1336.3,1355.4,1338.0,8226205,11096863710.8
72,2026-01-02,INFY,1635.9,1643.5,1627.5,1640.4,1629.8,2524526,4136808012.6
73,2026-01-02,INDIGO,5119.0,5136.0,5095.0,5106.0,5110.5,464130,2372489185.0
74,2026-01-02,ITC,360.0,360.0,345.25,350.05,363.85,118790358,41530103424.05
75,2026-01-02,JIOFIN,295.6,303.0,295.5,301.7,295.7,10604978,3190951745.95
76,2026-01-02,JSWSTEEL,1172.0,1184.0,1169.1,1180.7,1171.5,903240,1064264369.0
77,2026-01-02,KOTAKBANK,2217.8,2227.9,2180.5,2195.1,2217.8,2447694,5413241994.0
78,2026-01-02,LT,4138.1,4172.7,4127.1,4163.4,4140.4,984027,4088971711.1
79,2026-01-02,M&M,3759.9,3812.0,3743.2,3802.4,3761.0,1478292,5613565429.2
80,2026-01-02,MARUTI,16750.0,16999.0,16723.0,16960.0,16708.0,388562,6585606939.0
81,2026-01-02,MAXHEALTH,1049.4,1064.4,1047.0,1062.6,1049.4,928577,982061017.4
82,2026-01-02,NESTLEIND,1292.0,1299.0,1277.6,1279.7,1295.0,736473,946190225.1
83,2026-01-02,NTPC,336.8,353.0,335.95,352.1,336.3,23128940,8029915296.5
84,2026-01-02,ONGC,237.94,242.55,237.94,241.46,237.94,5925943,1427854215.45
85,2026-01-02,POWERGRID,267.5,272.1,266.25,270.95,266.8,13348375,3606619100.35
86,2026-01-02,RELIANCE,1580.0,1594.6,1578.2,1592.3,1575.6,6602230,10491999169.4
87,2026-01-02,SBILIFE,2040.4,2077.3,2040.0,2067.4,2040.4,472182,975155804.6
88,2026-01-02,SHRIRAMFIN,1024.75,1025.0,1007.2,1010.35,1019.7,5264026,5341128148.5
89,2026-01-02,SBIN,984.5,1009.5,983.95,998.95,984.75,7357435,7308398803.4
90,2026-01-02,SUNPHARMA,1721.1,1732.0,1719.4,1728.0,1721.1,974123,1681533428.7
91,2026-01-02,TCS,3234.0,3254.3,3219.5,3250.7,3227.4,1184324,3838516572.7
92,2026-01-02,TATACONSUM,1176.9,1185.7,1168.4,1170.7,1176.9,955406,1121879072.7
93,2026-01-02,TMPV,369.2,372.9,368.55,370.35,367.55,7077536,2623680560.15
94,2026-01-02,TATASTEEL,182.0,183.85,181.6,182.88,181.89,23006840,4208596517.14
95,2026-01-02,TECHM,1611.0,1619.1,1601.9,1612.0,1607.7,637080,1026861194.0
96,2026-01-02,TITAN,4039.0,4060.0,3986.2,4051.7,4049.3,659997,2665190286.8
97,2026-01-02,TRENT,4300.0,4437.9,4289.6,4409.6,4297.4,895709,3937783163.9
98,2026-01-02,ULTRACEMCO,11903.0,11970.0,11821.0,11899.0,11901.0,206244,2451483500.0
99,2026-01-02,WIPRO,267.35,272.4,266.15,269.0,267.35,8286204,2235866518.3
100,2026-01-05,ADANIENT,2287.0,2303.9,2274.3,2279.5,2279.8,696380,1591661792.2
101,2026-01-05,ADANIPORTS,1488.0,1496.8,1479.1,1493.0,1489.5,790039,1176346409.2
102,2026-01-05,APOLLOHOSP,7129.5,7134.5,7063.5,7083.0,7129.5,349588,2483281426.5
103,2026-01-05,ASIANPAINT,2770.0,2828.0,2769.0,2815.6,2772.6,866733,2437581546.8
104,2026-01-05,AXISBANK,1274.2,1289.7,1270.0,1285.8,1266.9,6177100,7936541948.3
105,2026-01-05,BAJAJ-AUTO,9520.0,9684.0,9465.0,9497.5,9502.5,304245,2907466580.0
106,2026-01-05,BAJFINANCE,979.7,999.15,975.0,978.75,990.45,10564157,10373648642.6
107,2026-01-05,BAJAJFINSV,2040.0,2045.9,2030.0,2039.2,2038.4,656058,1337224713.6
108,2026-01-05,BEL,402.85,418.6,402.8,413.8,403.15,26097635,10796654530.15
109,2026-01-05,BHARTIARTL,2102.1,2112.1,2096.5,2105.0,2106.3,2642580,5563055322.7
110,2026-01-05,CIPLA,1511.0,1525.0,1507.2,1519.8,1511.6,1532549,2325746394.6
111,2026-01-05,COALINDIA,430.95,436.7,423.5,427.45,427.9,17258568,7393961761.05
112,2026-01-05,DRREDDY,1256.0,1262.3,1245.0,1250.0,1256.1,1184386,1485074503.1
113,2026-01-05,EICHERMOT,7344.0,7514.5,7328.0,7482.5,7334.5,426798,3186457168.0
114,2026-01-05,ETERNAL,280.5,284.0,279.6,281.8,284.15,19328131,5438539074.8
115,2026-01-05,GRASIM,2871.0,2893.0,2842.5,2848.9,2856.4,861522,2470880227.1
116,2026-01-05,HCLTECH,1625.0,1633.5,1580.1,1607.6,1640.2,3245802,5202535373.3
117,2026-01-05,HDFCBANK,1005.75,1006.4,976.3,977.5,1001.6,27647379,27214119283.5
118,2026-01-05,HDFCLIFE,751.5,765.4,751.5,759.3,754.85,1348153,1025389981.85
119,2026-01-05,HINDALCO,932.5,937.9,925.85,931.7,925.7,5278463,4918877391.55
120,2026-01-05,HINDUNILVR,2341.5,2394.0,2336.4,2384.1,2348.0,1344113,3196809605.5
121,2026-01-05,ICICIBANK,1354.2,1375.5,1352.6,1371.5,1355.4,6920565,9474470607.3
122,2026-01-05,INFY,1637.0,1637.0,1583.1,1606.4,1640.4,5917885,9485245520.4
123,2026-01-05,INDIGO,5106.0,5140.0,5075.0,5102.5,5106.0,634271,3236429014.0
124,2026-01-05,ITC,350.2,353.95,346.05,349.7,350.05,48358124,16954786530.5
125,2026-01-05,JIOFIN,301.8,302.45,298.85,300.4,301.7,6971528,2094327319.2
126,2026-01-05,JSWSTEEL,1180.7,1192.9,1179.0,1185.9,1180.7,1017822,1207345878.0
127,2026-01-05,KOTAKBANK,2196.9,2206.7,2182.0,2190.9,2195.1,2182849,4788684707.6
128,2026-01-05,LT,4162.9,4195.0,4132.8,4150.4,4163.4,1167460,4860154233.8
129,2026-01-05,M&M,3805.9,3839.9,3785.0,3790.3,3802.4,1574098,5996125123.3
130,2026-01-05,MARUTI,17025.0,17370.0,16980.0,17155.0,16960.0,305668,5255523933.0
131,2026-01-05,MAXHEALTH,1062.6,1062.6,1048.5,1050.5,1062.6,1523489,1605304631.4
132,2026-01-05,NESTLEIND,1279.0,1320.0,1278.5,1314.6,1279.7,2397082,3143626819.8
133,2026-01-05,NTPC,350.35,354.8,348.4,350.6,352.1,18248271,6409923863.25
134,2026-01-05,ONGC,246.8,246.8,235.7,238.09,241.46,21201434,5077484856.21
135,2026-01-05,POWERGRID,271.25,272.8,268.7,271.65,270.95,11526602,3121920894.3
136,2026-01-05,RELIANCE,1593.0,1611.8,1575.3,1578.1,1592.3,8704973,13835333400.1
137,2026-01-05,SBILIFE,2067.4,2094.9,2063.2,2075.6,2067.4,788144,1640847405.9
138,2026-01-05,SHRIRAMFIN,1013.5,1014.8,994.65,1003.35,1010.35,4603571,4618381851.5
139,2026-01-05,SBIN,1000.0,1015.5,1000.0,1005.55,998.95,11259060,11344553289.35
140,2026-01-05,SUNPHARMA,1728.0,1746.0,1723.4,1728.9,1728.0,1416698,2458755201.2
141,2026-01-05,TCS,3240.5,3247.0,3191.0,3216.1,3250.7,2341703,7540784169.4
142,2026-01-05,TATACONSUM,1165.0,1191.0,1165.0,1182.1,1170.7,1521762,1798061223.4
143,2026-01-05,TMPV,370.35,375.0,369.1,373.55,370.35,9591926,3570310029.8
144,2026-01-05,TATASTEEL,182.88,186.89,182.87,185.72,182.88,30646009,5680401827.38
145,2026-01-05,TECHM,1601.9,1610.1,1576.1,1596.9,1612.0,907810,1447910067.8
146,2026-01-05,TITAN,4051.7,4094.0,4046.0,4079.7,4051.7,629273,2566703033.8
147,2026-01-05,TRENT,4409.6,4457.0,4357.0,4429.8,4409.6,509791,2252819259.7
148,2026-01-05,ULTRACEMCO,11931.0,12114.0,11860.0,12087.0,11899.0,302803,3651701007.0
149,2026-01-05,WIPRO,269.45,269.65,261.7,263.3,269.0,7006599,1848524489.65
150,2026-01-06,ADANIENT,2288.9,2290.4,2248.1,2259.1,2279.5,698294,1582797672.4
151,2026-01-06,ADANIPORTS,1490.0,1493.0,1470.7,1473.2,1493.0,1675609,2477749310.7
152,2026-01-06,APOLLOHOSP,7040.0,7360.0,7040.0,7348.0,7083.0,581189,4238379784.0
153,2026-01-06,ASIANPAINT,2820.0,2848.4,2811.6,2845.8,2815.6,875891,2485422634.0
154,2026-01-06,AXISBANK,1304.6,1304.6,1285.4,1293.8,1285.8,6751769,8739197439.6
155,2026-01-06,BAJAJ-AUTO,9575.0,9783.5,9543.0,9661.0,9497.5,503002,4876595817.0
156,2026-01-06,BAJFINANCE,978.0,987.0,973.3,977.35,978.75,8380183,8202208758.3
157,2026-01-06,BAJAJFINSV,2044.9,2082.0,2040.8,2044.6,2039.2,1236924,2544208540.1
158,2026-01-06,BEL,414.7,415.7,410.2,413.1,413.8,9927677,4101005906.5
159,2026-01-06,BHARTIARTL,2106.8,2121.8,2087.5,2105.3,2105.0,9119265,19179757706.1
160,2026-01-06,CIPLA,1519.8,1539.7,1519.8,1530.8,1519.8,1614326,2469562443.4
161,2026-01-06,COALINDIA,427.0,431.3,424.7,427.05,427.45,6308113,2696612359.35
162,2026-01-06,DRREDDY,1250.0,1258.8,1245.5,1256.2,1250.0,540944,677853415.7
163,2026-01-06,EICHERMOT,7514.0,7569.0,7484.5,7522.5,7482.5,396099,2984589813.5
164,2026-01-06,ETERNAL,281.8,283.55,276.25,279.05,281.8,29577754,8254996148.0
165,2026-01-06,GRASIM,2860.0,2880.0,2845.5,2865.3,2848.9,720656,2062607728.3
166,2026-01-06,HCLTECH,1600.3,1626.0,1597.3,1616.3,1607.6,2112043,3414422351.7
167,2026-01-06,HDFCBANK,962.7,966.7,956.0,962.2,977.5,31988783,30787569132.7
168,2026-01-06,HDFCLIFE,754.2,779.9,754.2,777.85,759.3,2900960,2247354281.1
169,2026-01-06,HINDALCO,936.0,970.8,936.0,942.25,931.7,10369133,9889030029.4
170,2026-01-06,HINDUNILVR,2398.8,2428.1,2367.8,2424.7,2384.1,1584720,3815545981.9
171,2026-01-06,ICICIBANK,1372.0,1413.6,1366.0,1411.2,1371.5,17260416,24236360970.1
172,2026-01-06,INFY,1600.1,1619.9,1599.0,1612.2,1606.4,4466729,7201500282.7
173,2026-01-06,INDIGO,5100.0,5140.5,4990.0,5002.5,5102.5,856866,4318487466.0
174,2026-01-06,ITC,350.25,350.7,337.75,342.45,349.7,72582738,24862418456.65
175,2026-01-06,JIOFIN,300.1,302.3,293.5,298.55,300.4,10930694,3253785372.2
176,2026-01-06,JSWSTEEL,1185.9,1197.6,1169.0,1176.3,1185.9,1395370,1650815374.6
177,2026-01-06,KOTAKBANK,2202.1,2228.0,2135.0,2146.4,2190.9,5308207,11513426557.9
178,2026-01-06,LT,4153.0,4185.0,4129.9,4140.6,4150.4,1205337,5003005633.6
179,2026-01-06,M&M,3788.0,3819.1,3758.1,3785.6,3790.3,1299489,4908017597.5
180,2026-01-06,MARUTI,17170.0,17306.0,17142.0,17292.0,17155.0,192182,3312275529.0
181,2026-01-06,MAXHEALTH,1050.5,1062.1,1043.3,1051.6,1050.5,1963166,2064698521.3
182,2026-01-06,NESTLEIND,1319.0,1323.5,1298.4,1319.9,1314.6,866154,1137590139.9
183,2026-01-06,NTPC,349.9,354.1,346.15,350.8,350.6,8641743,3023717743.1
184,2026-01-06,ONGC,238.09,242.36,238.09,241.89,238.09,10840459,2610288552.78
185,2026-01-06,POWERGRID,266.0,273.3,266.0,268.55,271.65,11777253,3167553270.65
186,2026-01-06,RELIANCE,1569.0,1569.0,1496.3,1507.6,1578.1,27417125,41569080602.2
187,2026-01-06,SBILIFE,2064.0,2106.0,2064.0,2095.8,2075.6,618958,1297289574.8
188,2026-01-06,SHRIRAMFIN,1002.5,1011.75,992.45,1002.65,1003.35,4352915,4360698684.55
189,2026-01-06,SBIN,1007.95,1024.0,1004.95,1018.9,1005.55,9575742,9749519544.45
190,2026-01-06,SUNPHARMA,1725.7,1762.6,1725.7,1760.2,1728.9,1658801,2901552531.8
191,2026-01-06,TCS,3210.0,3263.2,3205.0,3255.8,3216.1,2912325,9442929253.6
192,2026-01-06,TATACONSUM,1182.1,1215.0,1182.1,1210.4,1182.1,1202300,1444709961.0
193,2026-01-06,TMPV,371.5,371.5,360.0,368.9,373.55,17493345,6406180843.35
194,2026-01-06,TATASTEEL,186.0,187.85,184.47,186.2,185.72,28514282,5317456496.59
195,2026-01-06,TECHM,1603.9,1625.4,1596.1,1601.8,1596.9,570335,915298763.5
196,2026-01-06,TITAN,4079.7,4120.5,4068.5,4111.8,4079.7,820331,3363833259.3
197,2026-01-06,TRENT,4208.3,4208.3,3994.0,4047.6,4429.8,6144187,25084760521.2
198,2026-01-06,ULTRACEMCO,12100.0,12225.0,12066.0,12204.0,12087.0,225766,2748685405.0
199,2026-01-06,WIPRO,263.3,266.1,262.95,265.6,263.3,4083654,1081811495.9
200,2026-01-07,ADANIENT,2265.0,2284.0,2243.0,2274.1,2259.1,529451,1200559135.4
201,2026-01-07,ADANIPORTS,1473.2,1480.4,1459.0,1465.3,1473.2,2124534,3115945418.5
202,2026-01-07,APOLLOHOSP,7349.0,7488.0,7315.0,7447.5,7348.0,567878,4211253212.5
203,2026-01-07,ASIANPAINT,2845.8,2854.7,2801.1,2809.4,2845.8,636748,1797299418.1
204,2026-01-07,AXISBANK,1293.0,1299.0,1284.0,1295.5,1293.8,5440002,7020227655.9
205,2026-01-07,BAJAJ-AUTO,9668.0,9807.0,9608.0,9789.5,9661.0,334802,3258628965.5
206,2026-01-07,BAJFINANCE,973.05,976.45,965.05,968.8,977.35,7048491,6827028959.9
207,2026-01-07,BAJAJFINSV,2040.0,2042.0,2021.0,2031.9,2044.6,653557,1327150209.5
208,2026-01-07,BEL,413.1,416.25,409.55,415.65,413.1,8279218,3424128206.1
209,2026-01-07,BHARTIARTL,2095.6,2103.8,2077.0,2084.2,2105.3,4171371,8697163031.2
210,2026-01-07,CIPLA,1516.0,1516.0,1455.0,1467.9,1530.8,5076416,7486000314.2
211,2026-01-07,COALINDIA,426.95,432.45,423.65,431.65,427.05,8920605,3825811358.35
212,2026-01-07,DRREDDY,1252.6,1265.0,1240.0,1242.8,1256.2,1215477,1516803433.0
213,2026-01-07,EICHERMOT,7523.0,7597.0,7490.0,7582.5,7522.5,380761,2877456276.0
214,2026-01-07,ETERNAL,277.0,286.3,276.55,280.95,279.05,38184312,10739885730.25
215,2026-01-07,GRASIM,2880.0,2880.0,2829.1,2837.1,2865.3,287536,817651164.2
216,2026-01-07,HCLTECH,1620.8,1654.5,1616.7,1647.7,1616.3,3816569,6252915761.9
217,2026-01-07,HDFCBANK,956.0,956.45,946.0,949.05,962.2,52884712,50245738779.65
218,2026-01-07,HDFCLIFE,778.0,779.9,769.5,772.35,777.85,1349921,1043396246.15
219,2026-01-07,HINDALCO,951.05,954.6,935.1,938.45,942.25,6555117,6189674656.2
220,2026-01-07,HINDUNILVR,2416.0,2421.9,2382.0,2399.4,2424.7,892690,2144677262.6
221,2026-01-07,ICICIBANK,1408.0,1429.9,1404.2,1427.7,1411.2,15813795,22486967388.8
222,2026-01-07,INFY,1615.0,1642.0,1615.0,1639.0,1612.2,4508079,7362715155.0
223,2026-01-07,INDIGO,5010.0,5045.0,4919.0,4951.0,5002.5,1157501,5735837108.5
224,2026-01-07,ITC,343.0,344.55,339.3,341.25,342.45,29440734,10061169190.15
225,2026-01-07,JIOFIN,298.0,306.0,296.65,303.5,298.55,20416851,6192996946.75
226,2026-01-07,JSWSTEEL,1174.9,1193.5,1169.4,1189.8,1176.3,1161485,1377401219.7
227,2026-01-07,KOTAKBANK,2146.4,2150.5,2109.2,2144.0,2146.4,2112263,4501071136.1
228,2026-01-07,LT,4106.0,4180.0,4094.0,4157.0,4140.6,1213160,5018748896.7
229,2026-01-07,M&M,3800.0,3808.6,3718.5,3748.8,3785.6,1046776,3929860377.6
230,2026-01-07,MARUTI,17230.0,17249.0,16524.0,16809.0,17292.0,427979,7207507067.0
231,2026-01-07,MAXHEALTH,1049.0,1049.9,1022.0,1034.7,1051.6,4484760,4635961243.8
232,2026-01-07,NESTLEIND,1312.5,1332.7,1304.2,1314.8,1319.9,676669,892728286.7
233,2026-01-07,NTPC,349.55,351.35,346.3,348.85,350.8,7165806,2493632911.85
234,2026-01-07,ONGC,240.21,241.68,238.16,239.06,241.89,8253161,1979679656.55
235,2026-01-07,POWERGRID,268.5,268.95,263.45,264.1,268.55,14877056,3938078170.8
236,2026-01-07,RELIANCE,1510.0,1520.0,1498.0,1504.2,1507.6,11199340,16875253099.5
237,2026-01-07,SBILIFE,2090.0,2109.6,2065.0,2070.8,2095.8,1065734,2226403170.4
238,2026-01-07,SHRIRAMFIN,996.05,1003.1,990.25,995.85,1002.65,4191098,4177161483.0
239,2026-01-07,SBIN,1022.7,1022.7,1004.0,1007.15,1018.9,7896720,7974367341.7
240,2026-01-07,SUNPHARMA,1755.0,1806.6,1748.5,1782.6,1760.2,3059500,5441474788.8
241,2026-01-07,TCS,3242.9,3300.6,3223.2,3295.6,3255.8,1989442,6534592137.1
242,2026-01-07,TATACONSUM,1216.4,1220.9,1205.3,1212.6,1210.4,1021615,1238611335.3
243,2026-01-07,TMPV,367.05,367.25,359.2,363.35,368.9,10682229,3866270094.6
244,2026-01-07,TATASTEEL,186.2,186.65,182.9,183.8,186.2,18231588,3359558960.1
245,2026-01-07,TECHM,1599.0,1633.9,1595.8,1625.2,1601.8,1309781,2124938761.5
246,2026-01-07,TITAN,4225.0,4312.1,4202.0,4273.2,4111.8,3496340,14947644025.7
247,2026-01-07,TRENT,4050.0,4071.5,3988.2,4060.5,4047.6,1477670,5958843518.7
248,2026-01-07,ULTRACEMCO,12230.0,12250.0,12078.0,12184.0,12204.0,246825,3000738507.0
249,2026-01-07,WIPRO,265.0,272.5,264.5,270.8,265.6,10242615,2766704654.85
250,2026-01-08,ADANIENT,2275.0,2275.9,2205.0,2214.0,2274.1,792800,1768715615.6
251,2026-01-08,ADANIPORTS,1468.0,1489.0,1460.3,1465.2,1465.3,1974347,2912679225.6
252,2026-01-08,APOLLOHOSP,7425.0,7443.0,7325.0,7364.5,7447.5,778407,5737194037.0
253,2026-01-08,ASIANPAINT,2795.0,2804.7,2770.1,2786.5,2809.4,620031,1725299138.8
254,2026-01-08,AXISBANK,1291.1,1303.2,1283.8,1286.8,1295.5,3949654,5097725822.8
255,2026-01-08,BAJAJ-AUTO,9799.5,9888.0,9725.0,9760.5,9789.5,534086,5238777996.0
256,2026-01-08,BAJFINANCE,968.5,978.35,965.3,971.95,968.8,4410256,4283579770.75
257,2026-01-08,BAJAJFINSV,2021.0,2029.1,1989.2,2008.9,2031.9,756940,1519792985.0
258,2026-01-08,BEL,415.7,422.95,414.05,415.65,415.65,22238704,9306504192.85
259,2026-01-08,BHARTIARTL,2088.0,2092.0,2055.0,2066.3,2084.2,5534929,11448254930.2
260,2026-01-08,CIPLA,1467.9,1469.3,1458.0,1460.6,1467.9,2651011,3877774466.2
261,2026-01-08,COALINDIA,431.65,434.0,423.45,425.25,431.65,5991259,2558616701.75
262,2026-01-08,DRREDDY,1241.6,1241.6,1202.2,1206.9,1242.8,2000942,2442892764.8
263,2026-01-08,EICHERMOT,7590.0,7601.0,7539.0,7551.0,7582.5,459727,3478074745.0
264,2026-01-08,ETERNAL,280.55,287.4,279.0,283.55,280.95,38191591,10842752463.2
265,2026-01-08,GRASIM,2821.0,2831.9,2787.1,2792.0,2837.1,437229,1224659854.2
266,2026-01-08,HCLTECH,1653.3,1660.6,1635.4,1646.7,1647.7,3266398,5387828055.5
267,2026-01-08,HDFCBANK,944.7,953.0,941.4,946.7,949.05,21928849,20779638865.45
268,2026-01-08,HDFCLIFE,773.0,774.35,752.65,758.15,772.35,1993731,1512719583.15
269,2026-01-08,HINDALCO,934.05,934.2,898.6,903.95,938.45,6266789,5697664549.75
270,2026-01-08,HINDUNILVR,2389.0,2418.1,2368.1,2386.7,2399.4,1163828,2788826679.1
271,2026-01-08,ICICIBANK,1429.0,1442.2,1423.3,1435.0,1427.7,14861699,21340484627.5
272,2026-01-08,INFY,1638.9,1644.3,1608.6,1613.3,1639.0,3942131,6384866730.4
273,2026-01-08,INDIGO,4959.0,4992.5,4893.5,4906.5,4951.0,1303022,6433976914.5
274,2026-01-08,ITC,341.5,345.15,339.05,340.9,341.25,36706319,12521721172.05
275,2026-01-08,JIOFIN,303.3,304.3,292.15,293.55,303.5,12255998,3632837848.8
276,2026-01-08,JSWSTEEL,1190.0,1190.0,1153.9,1155.9,1189.8,1275035,1482644481.4
277,2026-01-08,KOTAKBANK,2140.1,2143.0,2118.6,2133.0,2144.0,2296942,4889642929.4
278,2026-01-08,LT,4160.0,4169.9,3991.3,4028.4,4157.0,2328813,9493566831.9
279,2026-01-08,M&M,3730.0,3756.8,3693.2,3724.0,3748.8,1261005,4698269114.9
280,2026-01-08,MARUTI,16808.0,16808.0,16541.0,16664.0,16809.0,238421,3976075058.0
281,2026-01-08,MAXHEALTH,1030.0,1035.1,1019.1,1029.8,1034.7,2117653,2176299447.1
282,2026-01-08,NESTLEIND,1309.1,1315.1,1299.0,1306.9,1314.8,555817,725508702.2
283,2026-01-08,NTPC,346.75,349.8,342.2,344.4,348.85,8805975,3038498290.05
284,2026-01-08,ONGC,238.2,238.89,231.0,231.42,239.06,9218488,2150134510.84
285,2026-01-08,POWERGRID,264.0,265.3,257.95,259.3,264.1,11762204,3060190957.3
286,2026-01-08,RELIANCE,1500.0,1503.9,1468.8,1470.6,1504.2,16518684,24410037550.1
287,2026-01-08,SBILIFE,2080.9,2095.5,2067.7,2082.9,2070.8,956736,1991640346.1
288,2026-01-08,SHRIRAMFIN,1001.4,1002.55,981.1,992.9,995.85,3804564,3778281738.65
289,2026-01-08,SBIN,1006.6,1011.6,995.85,998.0,1007.15,6854268,6866684538.7
290,2026-01-08,SUNPHARMA,1766.0,1778.6,1757.7,1760.7,1782.6,1910656,3376754053.2
291,2026-01-08,TCS,3286.9,3286.9,3182.0,3203.9,3295.6,4159336,13357635924.0
292,2026-01-08,TATACONSUM,1212.0,1212.0,1193.0,1197.4,1212.6,562710,674564350.9
293,2026-01-08,TMPV,363.3,365.35,358.0,359.45,363.35,7353203,2653447587.5
294,2026-01-08,TATASTEEL,185.45,185.87,179.55,180.12,183.8,38454951,6976261295.31
295,2026-01-08,TECHM,1625.0,1632.8,1574.5,1577.9,1625.2,1657201,2641457645.0
296,2026-01-08,TITAN,4273.2,4303.2,4239.0,4249.0,4273.2,1055725,4508845482.0
297,2026-01-08,TRENT,4078.8,4094.5,3980.0,3990.4,4060.5,863189,3470231812.7
298,2026-01-08,ULTRACEMCO,12165.0,12188.0,12034.0,12064.0,12184.0,229175,2767950048.0
299,2026-01-08,WIPRO,270.9,270.9,261.35,262.2,270.8,9269522,2454764339.35
300,2026-01-09,ADANIENT,2214.1,2216.0,2145.0,2153.7,2214.0,1570376,3413102409.4
301,2026-01-09,ADANIPORTS,1463.0,1463.0,1431.0,1435.9,1465.2,2280396,3291709131.5
302,2026-01-09,APOLLOHOSP,7348.0,7360.5,7225.0,7256.5,7364.5,312461,2278151131.0
303,2026-01-09,ASIANPAINT,2789.9,2856.7,2786.2,2825.5,2786.5,1657381,4689269490.4
304,2026-01-09,AXISBANK,1286.8,1295.3,1270.1,1272.0,1286.8,5531427,7053258518.4
305,2026-01-09,BAJAJ-AUTO,9760.5,9830.0,9538.0,9562.5,9760.5,250994,2425402426.0
306,2026-01-09,BAJFINANCE,970.1,983.0,953.7,959.6,971.95,7598970,7353969136.7
307,2026-01-09,BAJAJFINSV,2008.9,2014.2,1981.2,1992.4,2008.9,1143760,2279880315.6
308,2026-01-09,BEL,417.0,424.55,415.85,418.65,415.65,22963210,9652018346.45
309,2026-01-09,BHARTIARTL,2070.2,2084.0,2023.2,2027.1,2066.3,4165409,8518316241.7
310,2026-01-09,CIPLA,1464.7,1468.3,1456.1,1465.7,1460.6,1804271,2640001017.7
311,2026-01-09,COALINDIA,423.7,428.35,417.2,418.35,425.25,7306605,3083360149.7
312,2026-01-09,DRREDDY,1207.0,1216.4,1203.6,1210.1,1206.9,1390935,1683959293.7
313,2026-01-09,EICHERMOT,7582.0,7613.5,7486.0,7507.0,7551.0,474627,3588303743.0
314,2026-01-09,ETERNAL,283.4,292.9,281.65,284.35,283.55,55851766,16059874789.45
315,2026-01-09,GRASIM,2799.8,2807.9,2766.7,2776.9,2792.0,556140,1547347804.3
316,2026-01-09,HCLTECH,1647.1,1675.0,1647.1,1661.4,1646.7,3281306,5461702648.9
317,2026-01-09,HDFCBANK,945.0,950.6,933.3,939.0,946.7,38183839,35927536459.55
318,2026-01-09,HDFCLIFE,758.2,760.75,747.7,749.9,758.15,3267663,2457945794.05
319,2026-01-09,HINDALCO,902.0,908.45,894.0,900.95,903.95,4320582,3886969464.25
320,2026-01-09,HINDUNILVR,2382.0,2386.0,2361.0,2372.6,2386.7,1189464,2823178061.3
321,2026-01-09,ICICIBANK,1427.1,1429.5,1401.5,1404.3,1435.0,12555636,17676064959.3
322,2026-01-09,INFY,1610.0,1631.3,1607.0,1614.1,1613.3,6816681,11018132001.7
323,2026-01-09,INDIGO,4924.0,4924.0,4833.0,4844.0,4906.5,1257421,6112681329.5
324,2026-01-09,ITC,340.9,341.0,336.1,337.15,340.9,35193201,11898498989.6
325,2026-01-09,JIOFIN,292.0,294.6,286.15,287.25,293.55,11375541,3300804923.35
326,2026-01-09,JSWSTEEL,1160.0,1170.7,1154.4,1158.8,1155.9,1387896,1611157053.9
327,2026-01-09,KOTAKBANK,2133.0,2133.0,2116.0,2126.8,2133.0,2063923,4382973655.2
328,2026-01-09,LT,4029.0,4094.0,4006.2,4025.2,4028.4,1718127,6935141081.5
329,2026-01-09,M&M,3712.1,3748.5,3667.1,3677.3,3724.0,1235928,4569116950.0
330,2026-01-09,MARUTI,16663.0,16704.0,16417.0,16501.0,16664.0,286302,4727618716.0
331,2026-01-09,MAXHEALTH,1028.3,1032.8,1008.0,1017.2,1029.8,2573775,2618041079.0
332,2026-01-09,NESTLEIND,1306.9,1310.8,1290.1,1299.1,1306.9,1194489,1550748217.9
333,2026-01-09,NTPC,344.4,344.4,334.4,336.0,344.4,10161744,3432522910.8
334,2026-01-09,ONGC,232.29,238.25,232.0,234.09,231.42,12706408,2980004768.36
335,2026-01-09,POWERGRID,260.3,263.8,256.25,258.0,259.3,14100782,3665259562.95
336,2026-01-09,RELIANCE,1465.0,1479.9,1465.0,1475.3,1470.6,8335311,12270672520.9
337,2026-01-09,SBILIFE,2093.8,2093.9,2065.0,2070.0,2082.9,455165,945135098.1
338,2026-01-09,SHRIRAMFIN,987.0,993.2,961.0,975.4,992.9,6949168,6796894295.45
339,2026-01-09,SBIN,996.0,1008.0,994.0,1000.5,998.0,7809460,7823367726.7
340,2026-01-09,SUNPHARMA,1765.2,1765.2,1727.0,1729.9,1760.7,1585689,2753781398.5
341,2026-01-09,TCS,3191.0,3229.7,3191.0,3207.8,3203.9,1938673,6222059522.6
342,2026-01-09,TATACONSUM,1197.3,1207.8,1173.8,1175.9,1197.4,555547,659630033.5
343,2026-01-09,TMPV,358.0,359.75,352.2,354.15,359.45,8018768,2851697608.85
344,2026-01-09,TATASTEEL,179.05,181.5,177.33,178.4,180.12,25318701,4537682420.42
345,2026-01-09,TECHM,1583.0,1606.4,1578.1,1582.2,1577.9,1410053,2235509806.5
346,2026-01-09,TITAN,4231.0,4279.0,4183.1,4201.8,4249.0,883117,3722030066.9
347,2026-01-09,TRENT,3980.0,4009.0,3951.0,3972.9,3990.4,768954,3062575166.1
348,2026-01-09,ULTRACEMCO,12058.0,12065.0,11852.0,11937.0,12064.0,263833,3149773385.0
349,2026-01-09,WIPRO,261.35,263.95,260.45,261.95,262.2,4735387,1241570196.8
350,2026-01-12,ADANIENT,2156.6,2180.0,2119.0,2171.6,2153.7,1257197,2703491657.3
351,2026-01-12,ADANIPORTS,1435.9,1447.1,1403.9,1443.5,1435.9,1539180,2193673061.3
352,2026-01-12,APOLLOHOSP,7203.0,7289.5,7111.0,7268.5,7256.5,333583,2401130971.0
353,2026-01-12,ASIANPAINT,2826.0,2900.0,2808.0,2896.4,2825.5,1743901,4994112167.4
354,2026-01-12,AXISBANK,1274.7,1279.6,1266.5,1274.2,1272.0,6489750,8247729041.2
355,2026-01-12,BAJAJ-AUTO,9562.5,9588.5,9360.0,9491.0,9562.5,332453,3149122112.5
356,2026-01-12,BAJFINANCE,958.8,961.4,939.85,951.9,959.6,5640136,5351462823.35
357,2026-01-12,BAJAJFINSV,1992.0,2006.4,1972.6,1998.9,1992.4,996702,1984778714.1
358,2026-01-12,BEL,419.5,419.8,410.6,417.7,418.65,14594852,6059857850.6
359,2026-01-12,BHARTIARTL,2023.5,2048.8,2001.3,2044.0,2027.1,4689135,9469011167.4
360,2026-01-12,CIPLA,1464.0,1467.5,1444.2,1465.2,1465.7,2380033,3467740374.1
361,2026-01-12,COALINDIA,418.9,433.15,415.65,432.3,418.35,14407896,6185097331.75
362,2026-01-12,DRREDDY,1210.0,1218.7,1199.9,1215.5,1210.1,707317,856146278.3
363,2026-01-12,EICHERMOT,7477.0,7507.0,7322.0,7436.0,7507.0,315579,2336076915.5
364,2026-01-12,ETERNAL,284.35,286.25,276.8,285.25,284.35,28605326,8060183588.7
365,2026-01-12,GRASIM,2763.0,2821.6,2738.3,2806.7,2776.9,476367,1322811572.4
366,2026-01-12,HCLTECH,1659.2,1677.2,1641.5,1667.6,1661.4,4175707,6919407713.1
367,2026-01-12,HDFCBANK,937.5,942.0,929.6,936.95,939.0,21071666,19741346998.05
368,2026-01-12,HDFCLIFE,750.35,766.5,750.35,754.65,749.9,1771176,1342682887.1
369,2026-01-12,HINDALCO,909.95,921.95,897.0,920.15,900.95,6884726,6268334973.35
370,2026-01-12,HINDUNILVR,2362.0,2413.9,2361.0,2406.2,2372.6,1057665,2528508492.1
371,2026-01-12,ICICIBANK,1399.9,1424.3,1391.7,1413.1,1404.3,10923811,15392757596.1
372,2026-01-12,INFY,1610.1,1613.3,1592.6,1595.9,1614.1,6985362,11174299825.4
373,2026-01-12,INDIGO,4814.5,4869.0,4771.0,4850.0,4844.0,691685,3338518355.5
374,2026-01-12,ITC,338.25,339.5,335.8,338.4,337.15,16156143,5457235038.85
375,2026-01-12,JIOFIN,287.25,289.0,280.75,288.25,287.25,12216471,3481714077.15
376,2026-01-12,JSWSTEEL,1160.0,1185.0,1146.4,1182.7,1158.8,1391748,1626352543.7
377,2026-01-12,KOTAKBANK,2126.8,2139.4,2106.0,2133.3,2126.8,2544087,5408802415.2
378,2026-01-12,LT,4026.0,4026.9,3944.3,4019.0,4025.2,1386513,5530934380.2
379,2026-01-12,M&M,3675.3,3717.0,3598.8,3682.0,3677.3,1665237,6088843581.0
380,2026-01-12,MARUTI,16456.0,16615.0,16271.0,16582.0,16501.0,288686,4752759953.0
381,2026-01-12,MAXHEALTH,1012.0,1019.8,994.0,1013.7,1017.2,2102413,2117535061.0
382,2026-01-12,NESTLEIND,1293.0,1318.0,1291.6,1312.4,1299.1,1032516,1348320143.6
383,2026-01-12,NTPC,336.75,340.65,333.7,337.45,336.0,9406174,3176002051.55
384,2026-01-12,ONGC,234.09,236.16,231.66,235.71,234.09,9807980,2298659891.67
385,2026-01-12,POWERGRID,258.0,259.5,254.3,258.55,258.0,9698555,2489681140.9
386,2026-01-12,RELIANCE,1475.3,1485.3,1451.0,1483.2,1475.3,8883745,13057259395.4
387,2026-01-12,SBILIFE,2085.0,2105.7,2080.0,2098.0,2070.0,1051481,2201464370.0
388,2026-01-12,SHRIRAMFIN,979.0,985.65,962.45,972.8,975.4,5510203,5360874429.25
389,2026-01-12,SBIN,1008.0,1017.25,996.0,1015.15,1000.5,7617922,7665202773.25
390,2026-01-12,SUNPHARMA,1732.1,1744.3,1714.1,1736.0,1729.9,2327272,4019674449.1
391,2026-01-12,TCS,3203.0,3252.0,3174.3,3239.6,3207.8,2228342,7157753630.7
392,2026-01-12,TATACONSUM,1173.5,1196.7,1173.5,1192.3,1175.9,663978,788142150.8
393,2026-01-12,TMPV,352.95,354.15,347.65,350.55,354.15,9771562,3426731034.4
394,2026-01-12,TATASTEEL,178.4,183.65,177.64,183.24,178.4,25782267,4666632319.28
395,2026-01-12,TECHM,1572.1,1594.0,1562.8,1586.1,1582.2,652320,1031582766.8
396,2026-01-12,TITAN,4205.0,4242.0,4145.0,4231.6,4201.8,514767,2159011700.9
397,2026-01-12,TRENT,3990.0,4066.0,3958.9,4056.4,3972.9,908033,3658498572.8
398,2026-01-12,ULTRACEMCO,11870.0,12124.0,11786.0,12098.0,11937.0,275484,3288073915.0
399,2026-01-12,WIPRO,260.7,264.5,259.05,263.1,261.95,3802164,998462092.2
400,2026-01-13,ADANIENT,2187.8,2187.8,2141.1,2158.5,2171.6,791556,1711788642.4
401,2026-01-13,ADANIPORTS,1443.5,1449.0,1420.0,1428.6,1443.5,919873,1318121600.5
402,2026-01-13,APOLLOHOSP,7299.0,7321.5,7240.0,7311.5,7268.5,275363,2004361540.0
403,2026-01-13,ASIANPAINT,2900.0,2914.5,2870.8,2886.3,2896.4,1051986,3036395120.3
404,2026-01-13,AXISBANK,1274.0,1284.0,1258.7,1262.0,1274.2,5163166,6532091239.6
405,2026-01-13,BAJAJ-AUTO,9506.0,9576.5,9458.5,9554.0,9491.0,229215,2180822245.0
406,2026-01-13,BAJFINANCE,950.0,955.85,939.0,949.0,951.9,6765116,6403681236.8
407,2026-01-13,BAJAJFINSV,1998.9,2016.0,1991.0,2011.2,1998.9,1216677,2439194178.4
408,2026-01-13,BEL,419.75,422.35,409.4,413.7,417.7,13393010,5558405913.4
409,2026-01-13,BHARTIARTL,2047.0,2049.9,2014.9,2026.9,2044.0,7388496,14981244480.7
410,2026-01-13,CIPLA,1460.0,1469.4,1436.6,1448.3,1465.2,1909873,2760961730.9
411,2026-01-13,COALINDIA,434.0,435.8,425.6,428.9,432.3,7104004,3057474912.2
412,2026-01-13,DRREDDY,1215.6,1215.9,1185.5,1191.3,1215.5,2071117,2477070587.7
413,2026-01-13,EICHERMOT,7488.0,7514.5,7348.0,7404.0,7436.0,262636,1948388651.0
414,2026-01-13,ETERNAL,289.5,297.3,289.15,294.55,285.25,50350178,14761585443.5
415,2026-01-13,GRASIM,2799.0,2814.8,2759.1,2774.2,2806.7,875758,2435853672.5
416,2026-01-13,HCLTECH,1685.0,1697.6,1626.0,1665.0,1667.6,7149266,11849185678.5
417,2026-01-13,HDFCBANK,947.7,947.7,932.6,937.35,936.95,32042827,30129021006.45
418,2026-01-13,HDFCLIFE,750.1,757.7,742.6,748.5,754.65,1820910,1363657380.6
419,2026-01-13,HINDALCO,927.4,937.9,922.95,936.3,920.15,6868939,6402166109.0
420,2026-01-13,HINDUNILVR,2415.1,2422.2,2365.0,2389.5,2406.2,1519683,3625872484.0
421,2026-01-13,ICICIBANK,1420.0,1441.8,1411.1,1437.0,1413.1,14295581,20482294150.0
422,2026-01-13,INFY,1618.0,1618.0,1586.4,1599.0,1595.9,8080618,12890513857.4
423,2026-01-13,INDIGO,4832.5,4848.5,4725.0,4759.5,4850.0,1339651,6400667090.5
424,2026-01-13,ITC,339.0,339.5,333.7,334.7,338.4,24922339,8357506586.55
425,2026-01-13,JIOFIN,289.1,290.2,281.9,284.6,288.25,12956779,3689105023.5
426,2026-01-13,JSWSTEEL,1182.7,1194.8,1168.4,1178.1,1182.7,1570887,1856471231.2
427,2026-01-13,KOTAKBANK,2126.9,2144.4,2120.0,2132.6,2133.3,2543530,5420862060.0
428,2026-01-13,LT,4028.0,4028.0,3837.0,3887.4,4019.0,4978634,19397250659.5
429,2026-01-13,M&M,3717.0,3717.0,3631.5,3661.5,3682.0,1700985,6216527829.5
430,2026-01-13,MARUTI,16662.0,16726.0,16293.0,16426.0,16582.0,312205,5133939553.0
431,2026-01-13,MAXHEALTH,1013.7,1031.7,1003.3,1028.2,1013.7,2787265,2830853248.8
432,2026-01-13,NESTLEIND,1312.4,1321.9,1309.0,1318.7,1312.4,1316337,1732265114.7
433,2026-01-13,NTPC,337.45,339.25,335.05,337.9,337.45,5583379,1883168616.7
434,2026-01-13,ONGC,238.0,244.15,235.8,243.78,235.71,22527192,5451611898.84
435,2026-01-13,POWERGRID,259.05,259.95,256.1,258.8,258.55,9734559,2513668516.1
436,2026-01-13,RELIANCE,1485.0,1485.8,1444.7,1452.8,1483.2,13499760,19678131155.4
437,2026-01-13,SBILIFE,2090.0,2102.1,2071.7,2082.4,2098.0,425540,887723886.0
438,2026-01-13,SHRIRAMFIN,975.0,987.65,969.2,979.05,972.8,3860197,3776520113.1
439,2026-01-13,SBIN,1022.8,1029.5,1016.0,1028.45,1015.15,11016895,11294465857.4
440,2026-01-13,SUNPHARMA,1743.0,1743.8,1712.1,1728.7,1736.0,1770082,3048935591.5
441,2026-01-13,TCS,3245.0,3280.0,3210.5,3268.0,3239.6,5645341,18355497917.0
442,2026-01-13,TATACONSUM,1190.0,1198.3,1181.3,1189.4,1192.3,598454,712634288.7
443,2026-01-13,TMPV,350.65,351.9,345.6,349.75,350.55,7527115,2622469687.45
444,2026-01-13,TATASTEEL,183.5,184.39,181.1,182.57,183.24,19155081,3500409050.94
445,2026-01-13,TECHM,1582.0,1622.9,1582.0,1614.8,1586.1,2573438,4139483080.7
446,2026-01-13,TITAN,4231.6,4267.6,4210.0,4239.2,4231.6,770707,3271669713.2
447,2026-01-13,TRENT,4058.0,4060.0,3827.8,3921.9,4056.4,1652142,6484519896.2
448,2026-01-13,ULTRACEMCO,12050.0,12199.0,11936.0,12044.0,12098.0,290750,3509394529.0
449,2026-01-13,WIPRO,263.45,264.85,261.3,264.2,263.1,6931244,1824423897.4
450,2026-01-14,ADANIENT,2156.0,2169.0,2142.0,2153.3,2158.5,618139,1332887920.5
451,2026-01-14,ADANIPORTS,1429.0,1438.9,1423.0,1430.0,1428.6,1278819,1830121846.0
452,2026-01-14,APOLLOHOSP,7258.0,7325.5,7242.5,7272.5,7311.5,383251,2791476587.5
453,2026-01-14,ASIANPAINT,2884.0,2884.0,2807.3,2813.9,2886.3,958254,2712407016.0
454,2026-01-14,AXISBANK,1255.0,1308.0,1253.5,1298.8,1262.0,7776704,10030300951.6
455,2026-01-14,BAJAJ-AUTO,9576.0,9610.0,9494.0,9579.5,9554.0,335206,3201764725.0
456,2026-01-14,BAJFINANCE,947.0,953.9,943.15,945.95,949.0,4452202,4223114203.85
457,2026-01-14,BAJAJFINSV,2003.5,2015.8,1993.6,2000.9,2011.2,1062849,2130374652.0
458,2026-01-14,BEL,411.0,420.8,411.0,417.6,413.7,17676239,7390998832.05
459,2026-01-14,BHARTIARTL,2015.1,2034.0,2008.7,2022.5,2026.9,4842964,9791798346.3
460,2026-01-14,CIPLA,1443.8,1449.8,1425.7,1434.5,1448.3,1775529,2545532622.7
461,2026-01-14,COALINDIA,428.0,442.0,427.4,432.2,428.9,17125550,7480640741.85
462,2026-01-14,DRREDDY,1191.1,1195.0,1176.1,1186.5,1191.3,2834908,3360069097.6
463,2026-01-14,EICHERMOT,7390.0,7390.0,7236.0,7358.0,7404.0,426082,3116080702.0
464,2026-01-14,ETERNAL,292.5,299.9,291.0,299.25,294.55,48489262,14386196423.2
465,2026-01-14,GRASIM,2774.0,2821.1,2755.1,2795.8,2774.2,452326,1265058866.4
466,2026-01-14,HCLTECH,1665.0,1677.9,1649.2,1668.5,1665.0,2470615,4120285043.9
467,2026-01-14,HDFCBANK,930.0,940.05,920.2,925.45,937.35,36688248,34114424012.75
468,2026-01-14,HDFCLIFE,742.0,753.75,741.85,743.2,748.5,2909648,2173684919.4
469,2026-01-14,HINDALCO,941.0,959.0,936.75,955.35,936.3,7050653,6706452449.95
470,2026-01-14,HINDUNILVR,2398.9,2398.9,2341.0,2353.5,2389.5,1027639,2420267492.7
471,2026-01-14,ICICIBANK,1425.6,1443.9,1414.9,1418.4,1437.0,13832255,19719079329.9
472,2026-01-14,INFY,1588.0,1617.0,1583.1,1599.8,1599.0,7557157,12079866717.3
473,2026-01-14,INDIGO,4730.0,4756.5,4701.0,4733.0,4759.5,1059301,5017276286.0
474,2026-01-14,ITC,336.0,336.0,333.45,334.75,334.7,14913422,4994508399.3
475,2026-01-14,JIOFIN,281.95,287.85,281.85,287.0,284.6,6701056,1918050382.7
476,2026-01-14,JSWSTEEL,1179.9,1201.9,1170.3,1181.8,1178.1,2281726,2711691507.5
477,2026-01-14,KOTAKBANK,426.0,427.6,418.8,421.0,2132.6,10818517,4587503004.6
478,2026-01-14,LT,3900.0,3904.9,3856.6,3865.8,3887.4,1914244,7424857238.0
479,2026-01-14,M&M,3663.0,3682.0,3635.1,3649.5,3661.5,1573135,5749921740.8
480,2026-01-14,MARUTI,16390.0,16412.0,16090.0,16152.0,16426.0,240043,3893451263.0
481,2026-01-14,MAXHEALTH,1019.0,1040.0,1019.0,1033.6,1028.2,3215727,3321516486.1
482,2026-01-14,NESTLEIND,1321.0,1328.2,1302.2,1307.1,1318.7,904110,1187891540.9
483,2026-01-14,NTPC,338.9,350.5,337.45,349.1,337.9,20389924,7085302017.85
484,2026-01-14,ONGC,243.99,251.0,243.58,248.23,243.78,33094088,8222535234.94
485,2026-01-14,POWERGRID,257.1,259.7,256.75,258.35,258.8,15435341,3987791150.0
486,2026-01-14,RELIANCE,1444.0,1467.0,1440.2,1458.8,1452.8,8321764,12134950551.2
487,2026-01-14,SBILIFE,2070.2,2082.0,2063.3,2068.8,2082.4,942775,1953199901.8
488,2026-01-14,SHRIRAMFIN,980.0,990.5,970.4,981.1,979.05,3846614,3771704239.6
489,2026-01-14,SBIN,1030.0,1030.4,1020.5,1028.35,1028.45,7370514,7562777097.55
490,2026-01-14,SUNPHARMA,1737.1,1737.1,1689.2,1700.7,1728.7,2479677,4219472604.0
491,2026-01-14,TCS,3260.0,3260.0,3183.0,3192.5,3268.0,3539511,11346386248.0
492,2026-01-14,TATACONSUM,1189.4,1191.0,1168.6,1171.4,1189.4,577684,678545088.6
493,2026-01-14,TMPV,349.0,354.0,347.1,349.8,349.75,6249594,2194809524.4
494,2026-01-14,TATASTEEL,182.57,190.65,181.66,189.25,182.57,55907778,10517926531.12
495,2026-01-14,TECHM,1612.9,1613.0,1583.1,1588.5,1614.8,1570385,2510881640.3
496,2026-01-14,TITAN,4241.9,4283.0,4211.0,4221.5,4239.2,998692,4238503322.3
497,2026-01-14,TRENT,3906.0,3950.0,3886.2,3932.2,3921.9,721954,2830267409.1
498,2026-01-14,ULTRACEMCO,12074.0,12323.0,11942.0,12255.0,12044.0,408660,4996812286.0
499,2026-01-14,WIPRO,264.0,264.0,259.6,260.2,264.2,5625861,1467365399.25
